{
  "trained_at": "2026-06-15T23:10:02.883126+00:00",
  "val_accuracy": 0.7733333333333333,
  "val_f1": 0.8310173160173161,
  "n_training_rows": 75,
  "feature_names": [
    "rsi_14",
    "momentum_30",
    "volume_zscore_20",
    "macd_signal",
    "bollinger_width_20"
  ],
  "deployed": true
}